{
  "__inputs": [
    {
      "name": "DS_K30P",
      "label": "K30P",
      "description": "",
      "type": "datasource",
      "pluginId": "prometheus",
      "pluginName": "Prometheus"
    }
  ],
  "__elements": {},
  "__requires": [
    {
      "type": "panel",
      "id": "bargauge",
      "name": "Bar gauge",
      "version": ""
    },
    {
      "type": "grafana",
      "id": "grafana",
      "name": "Grafana",
      "version": "11.1.5"
    },
    {
      "type": "datasource",
      "id": "prometheus",
      "name": "Prometheus",
      "version": "1.0.0"
    },
    {
      "type": "panel",
      "id": "stat",
      "name": "Stat",
      "version": ""
    },
    {
      "type": "panel",
      "id": "timeseries",
      "name": "Time series",
      "version": ""
    }
  ],
  "annotations": {
    "list": [
      {
        "builtIn": 1,
        "datasource": {
          "type": "grafana",
          "uid": "-- Grafana --"
        },
        "enable": true,
        "hide": true,
        "iconColor": "rgba(0, 211, 255, 1)",
        "name": "Annotations & Alerts",
        "type": "dashboard"
      }
    ]
  },
  "editable": false,
  "fiscalYearStartMonth": 0,
  "graphTooltip": 0,
  "id": null,
  "links": [],
  "panels": [
    {
      "datasource": {
        "type": "prometheus",
        "uid": "${DS_K30P}"
      },
      "description": "",
      "fieldConfig": {
        "defaults": {
          "color": {
            "mode": "thresholds"
          },
          "mappings": [
            {
              "options": {
                "match": "null",
                "result": {
                  "text": "N/A"
                }
              },
              "type": "special"
            }
          ],
          "thresholds": {
            "mode": "absolute",
            "steps": [
              {
                "color": "rgba(245, 54, 54, 0.9)",
                "value": null
              },
              {
                "color": "red",
                "value": 0
              },
              {
                "color": "green",
                "value": 1
              }
            ]
          },
          "unit": "bool_on_off"
        },
        "overrides": []
      },
      "gridPos": {
        "h": 4,
        "w": 2,
        "x": 0,
        "y": 0
      },
      "hideTimeOverride": true,
      "id": 178,
      "maxDataPoints": 100,
      "options": {
        "colorMode": "value",
        "graphMode": "none",
        "justifyMode": "auto",
        "orientation": "auto",
        "percentChangeColorMode": "standard",
        "reduceOptions": {
          "calcs": [
            "lastNotNull"
          ],
          "fields": "",
          "values": false
        },
        "showPercentChange": false,
        "textMode": "auto",
        "wideLayout": true
      },
      "pluginVersion": "11.1.5",
      "targets": [
        {
          "datasource": {
            "type": "prometheus",
            "uid": "${DS_K30P}"
          },
          "editorMode": "code",
          "expr": "up{job=\"$node\",instance=\"$instance\"}",
          "format": "time_series",
          "hide": false,
          "instant": true,
          "interval": "",
          "intervalFactor": 1,
          "legendFormat": "",
          "refId": "A",
          "step": 40
        }
      ],
      "title": "状态",
      "type": "stat"
    },
    {
      "datasource": {
        "type": "prometheus",
        "uid": "${DS_K30P}"
      },
      "description": "",
      "fieldConfig": {
        "defaults": {
          "color": {
            "mode": "thresholds"
          },
          "decimals": 0,
          "mappings": [
            {
              "options": {
                "match": "null",
                "result": {
                  "text": "N/A"
                }
              },
              "type": "special"
            }
          ],
          "thresholds": {
            "mode": "absolute",
            "steps": [
              {
                "color": "rgba(245, 54, 54, 0.9)",
                "value": null
              },
              {
                "color": "rgba(237, 129, 40, 0.89)",
                "value": 1
              },
              {
                "color": "rgba(50, 172, 45, 0.97)",
                "value": 3
              }
            ]
          },
          "unit": "s"
        },
        "overrides": []
      },
      "gridPos": {
        "h": 4,
        "w": 3,
        "x": 2,
        "y": 0
      },
      "hideTimeOverride": true,
      "id": 15,
      "maxDataPoints": 100,
      "options": {
        "colorMode": "value",
        "graphMode": "none",
        "justifyMode": "auto",
        "orientation": "auto",
        "percentChangeColorMode": "standard",
        "reduceOptions": {
          "calcs": [
            "lastNotNull"
          ],
          "fields": "",
          "values": false
        },
        "showPercentChange": false,
        "textMode": "auto",
        "wideLayout": true
      },
      "pluginVersion": "11.1.5",
      "targets": [
        {
          "datasource": {
            "type": "prometheus",
            "uid": "${DS_K30P}"
          },
          "editorMode": "code",
          "expr": "time() - node_boot_time_seconds{job=\"$node\",instance=\"$instance\"}",
          "format": "time_series",
          "hide": false,
          "instant": true,
          "interval": "",
          "intervalFactor": 1,
          "legendFormat": "",
          "refId": "A",
          "step": 40
        }
      ],
      "title": "运行时间",
      "type": "stat"
    },
    {
      "datasource": {
        "type": "prometheus",
        "uid": "${DS_K30P}"
      },
      "fieldConfig": {
        "defaults": {
          "color": {
            "mode": "thresholds"
          },
          "mappings": [],
          "thresholds": {
            "mode": "absolute",
            "steps": [
              {
                "color": "green",
                "value": null
              }
            ]
          },
          "unit": "short"
        },
        "overrides": []
      },
      "gridPos": {
        "h": 2,
        "w": 3,
        "x": 5,
        "y": 0
      },
      "id": 160,
      "options": {
        "colorMode": "value",
        "graphMode": "none",
        "justifyMode": "auto",
        "orientation": "horizontal",
        "percentChangeColorMode": "standard",
        "reduceOptions": {
          "calcs": [
            "lastNotNull"
          ],
          "fields": "",
          "values": false
        },
        "showPercentChange": false,
        "textMode": "auto",
        "wideLayout": true
      },
      "pluginVersion": "11.1.5",
      "targets": [
        {
          "datasource": {
            "type": "prometheus",
            "uid": "${DS_K30P}"
          },
          "disableTextWrap": false,
          "editorMode": "code",
          "expr": "count(node_cpu_seconds_total{job=\"$node\",instance=\"$instance\",mode=\"system\"})",
          "fullMetaSearch": false,
          "includeNullMetadata": true,
          "instant": false,
          "legendFormat": "__auto",
          "range": true,
          "refId": "A",
          "useBackend": false
        }
      ],
      "title": "CPU核心数量",
      "type": "stat"
    },
    {
      "datasource": {
        "type": "prometheus",
        "uid": "${DS_K30P}"
      },
      "fieldConfig": {
        "defaults": {
          "color": {
            "mode": "palette-classic"
          },
          "custom": {
            "axisBorderShow": false,
            "axisCenteredZero": false,
            "axisColorMode": "text",
            "axisLabel": "",
            "axisPlacement": "auto",
            "barAlignment": 0,
            "drawStyle": "line",
            "fillOpacity": 20,
            "gradientMode": "opacity",
            "hideFrom": {
              "legend": false,
              "tooltip": false,
              "viz": false
            },
            "insertNulls": false,
            "lineInterpolation": "smooth",
            "lineWidth": 1,
            "pointSize": 5,
            "scaleDistribution": {
              "type": "linear"
            },
            "showPoints": "auto",
            "spanNulls": false,
            "stacking": {
              "group": "A",
              "mode": "none"
            },
            "thresholdsStyle": {
              "mode": "dashed"
            }
          },
          "decimals": 2,
          "fieldMinMax": false,
          "mappings": [],
          "thresholds": {
            "mode": "absolute",
            "steps": [
              {
                "color": "green",
                "value": null
              },
              {
                "color": "yellow",
                "value": 30
              },
              {
                "color": "orange",
                "value": 60
              },
              {
                "color": "red",
                "value": 80
              }
            ]
          },
          "unit": "percent"
        },
        "overrides": []
      },
      "gridPos": {
        "h": 8,
        "w": 8,
        "x": 8,
        "y": 0
      },
      "id": 4,
      "options": {
        "legend": {
          "calcs": [
            "lastNotNull",
            "max",
            "mean"
          ],
          "displayMode": "table",
          "placement": "bottom",
          "showLegend": true
        },
        "tooltip": {
          "mode": "multi",
          "sort": "none"
        }
      },
      "targets": [
        {
          "datasource": {
            "type": "prometheus",
            "uid": "${DS_K30P}"
          },
          "editorMode": "code",
          "expr": "sum(rate(node_cpu_seconds_total{mode!=\"idle\",job=\"$node\",instance=\"$instance\"}[1m])) by (instance) / sum(rate(node_cpu_seconds_total{job=\"$node\",instance=\"$instance\"}[1m])) by (instance) * 100",
          "instant": false,
          "legendFormat": "CPU总利用率",
          "range": true,
          "refId": "A"
        },
        {
          "datasource": {
            "type": "prometheus",
            "uid": "${DS_K30P}"
          },
          "editorMode": "code",
          "expr": "sum(rate(node_cpu_seconds_total{mode=\"system\",job=\"$node\",instance=\"$instance\"}[1m])) by (instance) / sum(rate(node_cpu_seconds_total{job=\"$node\",instance=\"$instance\"}[1m])) by (instance) * 100",
          "hide": false,
          "instant": false,
          "legendFormat": "系统",
          "range": true,
          "refId": "B"
        },
        {
          "datasource": {
            "type": "prometheus",
            "uid": "${DS_K30P}"
          },
          "editorMode": "code",
          "expr": "sum(rate(node_cpu_seconds_total{mode=\"user\",job=\"$node\",instance=\"$instance\"}[1m])) by (instance) / sum(rate(node_cpu_seconds_total{job=\"$node\",instance=\"$instance\"}[1m])) by (instance) * 10",
          "hide": false,
          "instant": false,
          "legendFormat": "用户",
          "range": true,
          "refId": "C"
        },
        {
          "datasource": {
            "type": "prometheus",
            "uid": "${DS_K30P}"
          },
          "editorMode": "code",
          "expr": "sum(rate(node_cpu_seconds_total{mode=\"iowait\",job=\"$node\",instance=\"$instance\"}[1m])) by (instance) / sum(rate(node_cpu_seconds_total{job=\"$node\",instance=\"$instance\"}[1m])) by (instance) * 10",
          "hide": false,
          "instant": false,
          "legendFormat": "IO阻塞",
          "range": true,
          "refId": "D"
        },
        {
          "datasource": {
            "type": "prometheus",
            "uid": "${DS_K30P}"
          },
          "editorMode": "code",
          "expr": "sum(rate(node_cpu_seconds_total{mode=\"steal\",job=\"$node\",instance=\"$instance\"}[1m])) by (instance) / sum(rate(node_cpu_seconds_total{job=\"$node\",instance=\"$instance\"}[1m])) by (instance) * 10",
          "hide": false,
          "instant": false,
          "legendFormat": "虚拟化",
          "range": true,
          "refId": "E"
        },
        {
          "datasource": {
            "type": "prometheus",
            "uid": "${DS_K30P}"
          },
          "editorMode": "code",
          "expr": "sum(rate(node_cpu_seconds_total{mode=\"irq\",job=\"$node\",instance=\"$instance\"}[1m])) by (instance) / sum(rate(node_cpu_seconds_total{job=\"$node\",instance=\"$instance\"}[1m])) by (instance) * 10",
          "hide": false,
          "instant": false,
          "legendFormat": "硬件中断",
          "range": true,
          "refId": "F"
        },
        {
          "datasource": {
            "type": "prometheus",
            "uid": "${DS_K30P}"
          },
          "editorMode": "code",
          "expr": "sum(rate(node_cpu_seconds_total{mode=\"softirq\",job=\"$node\",instance=\"$instance\"}[1m])) by (instance) / sum(rate(node_cpu_seconds_total{job=\"$node\",instance=\"$instance\"}[1m])) by (instance) * 10",
          "hide": false,
          "instant": false,
          "legendFormat": "软件中断",
          "range": true,
          "refId": "G"
        },
        {
          "datasource": {
            "type": "prometheus",
            "uid": "${DS_K30P}"
          },
          "editorMode": "code",
          "expr": "sum(rate(node_cpu_seconds_total{mode=\"nice\",job=\"$node\",instance=\"$instance\"}[1m])) by (instance) / sum(rate(node_cpu_seconds_total{job=\"$node\",instance=\"$instance\"}[1m])) by (instance) * 10",
          "hide": false,
          "instant": false,
          "legendFormat": "低优先级任务",
          "range": true,
          "refId": "H"
        }
      ],
      "title": "CPU利用率",
      "type": "timeseries"
    },
    {
      "datasource": {
        "type": "prometheus",
        "uid": "${DS_K30P}"
      },
      "fieldConfig": {
        "defaults": {
          "color": {
            "mode": "palette-classic"
          },
          "custom": {
            "axisBorderShow": false,
            "axisCenteredZero": false,
            "axisColorMode": "text",
            "axisLabel": "",
            "axisPlacement": "right",
            "barAlignment": 0,
            "drawStyle": "line",
            "fillOpacity": 20,
            "gradientMode": "opacity",
            "hideFrom": {
              "legend": false,
              "tooltip": false,
              "viz": false
            },
            "insertNulls": false,
            "lineInterpolation": "smooth",
            "lineWidth": 1,
            "pointSize": 5,
            "scaleDistribution": {
              "type": "linear"
            },
            "showPoints": "auto",
            "spanNulls": false,
            "stacking": {
              "group": "A",
              "mode": "none"
            },
            "thresholdsStyle": {
              "mode": "dashed"
            }
          },
          "fieldMinMax": false,
          "mappings": [],
          "thresholds": {
            "mode": "absolute",
            "steps": [
              {
                "color": "green",
                "value": null
              },
              {
                "color": "red",
                "value": 80
              }
            ]
          },
          "unit": "bytes"
        },
        "overrides": [
          {
            "matcher": {
              "id": "byName",
              "options": "内存利用率"
            },
            "properties": [
              {
                "id": "custom.axisPlacement",
                "value": "left"
              },
              {
                "id": "unit",
                "value": "percent"
              }
            ]
          }
        ]
      },
      "gridPos": {
        "h": 8,
        "w": 8,
        "x": 16,
        "y": 0
      },
      "id": 2,
      "options": {
        "legend": {
          "calcs": [
            "lastNotNull",
            "max",
            "mean"
          ],
          "displayMode": "table",
          "placement": "bottom",
          "showLegend": true
        },
        "timezone": [
          ""
        ],
        "tooltip": {
          "mode": "multi",
          "sort": "none"
        }
      },
      "pluginVersion": "11.2.0",
      "targets": [
        {
          "datasource": {
            "type": "prometheus",
            "uid": "${DS_K30P}"
          },
          "disableTextWrap": false,
          "editorMode": "code",
          "exemplar": false,
          "expr": "(node_memory_MemTotal_bytes{job=\"$node\",instance=\"$instance\"}- node_memory_MemAvailable_bytes{job=\"$node\",instance=\"$instance\"} )\n/ node_memory_MemTotal_bytes{job=\"$node\",instance=\"$instance\"} * 100",
          "fullMetaSearch": false,
          "includeNullMetadata": true,
          "instant": false,
          "legendFormat": "内存利用率",
          "range": true,
          "refId": "A",
          "useBackend": false
        },
        {
          "datasource": {
            "type": "prometheus",
            "uid": "${DS_K30P}"
          },
          "editorMode": "code",
          "exemplar": false,
          "expr": "node_memory_MemTotal_bytes{job=\"$node\",instance=\"$instance\"}",
          "hide": false,
          "instant": false,
          "legendFormat": "内存总量",
          "range": true,
          "refId": "B"
        },
        {
          "datasource": {
            "type": "prometheus",
            "uid": "${DS_K30P}"
          },
          "editorMode": "code",
          "expr": "node_memory_MemAvailable_bytes{job=\"$node\",instance=\"$instance\"}",
          "hide": false,
          "instant": false,
          "legendFormat": "可用内存",
          "range": true,
          "refId": "C"
        },
        {
          "datasource": {
            "type": "prometheus",
            "uid": "${DS_K30P}"
          },
          "editorMode": "code",
          "expr": "node_memory_MemTotal_bytes{job=\"$node\",instance=\"$instance\"}-node_memory_MemAvailable_bytes{job=\"$node\",instance=\"$instance\"}",
          "hide": false,
          "instant": false,
          "legendFormat": "已用内存",
          "range": true,
          "refId": "G"
        },
        {
          "datasource": {
            "type": "prometheus",
            "uid": "${DS_K30P}"
          },
          "editorMode": "code",
          "expr": "node_memory_MemFree_bytes{job=\"$node\",instance=\"$instance\"}",
          "hide": false,
          "instant": false,
          "legendFormat": "空闲内存",
          "range": true,
          "refId": "D"
        },
        {
          "datasource": {
            "type": "prometheus",
            "uid": "${DS_K30P}"
          },
          "editorMode": "code",
          "expr": "node_memory_Buffers_bytes{job=\"$node\",instance=\"$instance\"}",
          "hide": false,
          "instant": false,
          "legendFormat": "缓冲区内存",
          "range": true,
          "refId": "E"
        },
        {
          "datasource": {
            "type": "prometheus",
            "uid": "${DS_K30P}"
          },
          "editorMode": "code",
          "expr": "node_memory_Cached_bytes{job=\"$node\",instance=\"$instance\"}",
          "hide": false,
          "instant": false,
          "legendFormat": "缓存内存",
          "range": true,
          "refId": "F"
        }
      ],
      "title": "内存",
      "type": "timeseries"
    },
    {
      "datasource": {
        "type": "prometheus",
        "uid": "${DS_K30P}"
      },
      "fieldConfig": {
        "defaults": {
          "color": {
            "mode": "thresholds"
          },
          "mappings": [],
          "thresholds": {
            "mode": "absolute",
            "steps": [
              {
                "color": "green",
                "value": null
              }
            ]
          },
          "unit": "bytes"
        },
        "overrides": []
      },
      "gridPos": {
        "h": 2,
        "w": 3,
        "x": 5,
        "y": 2
      },
      "id": 159,
      "options": {
        "colorMode": "value",
        "graphMode": "none",
        "justifyMode": "auto",
        "orientation": "auto",
        "percentChangeColorMode": "standard",
        "reduceOptions": {
          "calcs": [
            "lastNotNull"
          ],
          "fields": "",
          "values": false
        },
        "showPercentChange": false,
        "textMode": "auto",
        "wideLayout": true
      },
      "pluginVersion": "11.1.5",
      "targets": [
        {
          "datasource": {
            "type": "prometheus",
            "uid": "${DS_K30P}"
          },
          "disableTextWrap": false,
          "editorMode": "code",
          "expr": "node_memory_MemTotal_bytes{job=\"$node\", instance=\"$instance\"}",
          "fullMetaSearch": false,
          "includeNullMetadata": true,
          "instant": false,
          "legendFormat": "内存总量",
          "range": true,
          "refId": "A",
          "useBackend": false
        }
      ],
      "title": "内存总量",
      "type": "stat"
    },
    {
      "datasource": {
        "type": "prometheus",
        "uid": "${DS_K30P}"
      },
      "fieldConfig": {
        "defaults": {
          "color": {
            "mode": "thresholds"
          },
          "decimals": 1,
          "displayName": "",
          "mappings": [
            {
              "options": {
                "0": {
                  "text": "N/A"
                }
              },
              "type": "value"
            }
          ],
          "max": 100,
          "thresholds": {
            "mode": "absolute",
            "steps": [
              {
                "color": "green",
                "value": null
              },
              {
                "color": "#EAB839",
                "value": 60
              },
              {
                "color": "red",
                "value": 80
              }
            ]
          },
          "unit": "percent"
        },
        "overrides": []
      },
      "gridPos": {
        "h": 4,
        "w": 8,
        "x": 0,
        "y": 4
      },
      "id": 177,
      "options": {
        "displayMode": "lcd",
        "maxVizHeight": 300,
        "minVizHeight": 16,
        "minVizWidth": 8,
        "namePlacement": "top",
        "orientation": "horizontal",
        "reduceOptions": {
          "calcs": [
            "last"
          ],
          "fields": "",
          "values": false
        },
        "showUnfilled": true,
        "sizing": "auto",
        "valueMode": "color"
      },
      "pluginVersion": "11.1.5",
      "targets": [
        {
          "datasource": {
            "type": "prometheus",
            "uid": "${DS_K30P}"
          },
          "editorMode": "code",
          "expr": "sum(rate(node_cpu_seconds_total{mode!=\"idle\",job=\"$node\",instance=\"$instance\"}[1m])) by (instance) / sum(rate(node_cpu_seconds_total{job=\"$node\",instance=\"$instance\"}[1m])) by (instance) * 100",
          "instant": true,
          "interval": "",
          "legendFormat": "CPU总利用率",
          "refId": "A"
        },
        {
          "datasource": {
            "type": "prometheus",
            "uid": "${DS_K30P}"
          },
          "editorMode": "code",
          "expr": "(1 - (node_memory_MemAvailable_bytes{job=\"$node\",instance=\"$instance\"} / (node_memory_MemTotal_bytes{job=\"$node\",instance=\"$instance\"})))* 100",
          "instant": true,
          "interval": "",
          "legendFormat": "内存总利用率",
          "refId": "B"
        }
      ],
      "type": "bargauge"
    },
    {
      "datasource": {
        "type": "prometheus",
        "uid": "${DS_K30P}"
      },
      "description": "uptime",
      "fieldConfig": {
        "defaults": {
          "color": {
            "fixedColor": "orange",
            "mode": "palette-classic"
          },
          "custom": {
            "axisBorderShow": false,
            "axisCenteredZero": false,
            "axisColorMode": "text",
            "axisLabel": "",
            "axisPlacement": "auto",
            "barAlignment": 0,
            "drawStyle": "line",
            "fillOpacity": 16,
            "gradientMode": "opacity",
            "hideFrom": {
              "legend": false,
              "tooltip": false,
              "viz": false
            },
            "insertNulls": false,
            "lineInterpolation": "smooth",
            "lineWidth": 1,
            "pointSize": 5,
            "scaleDistribution": {
              "type": "linear"
            },
            "showPoints": "auto",
            "spanNulls": false,
            "stacking": {
              "group": "A",
              "mode": "none"
            },
            "thresholdsStyle": {
              "mode": "off"
            }
          },
          "fieldMinMax": false,
          "mappings": [],
          "thresholds": {
            "mode": "absolute",
            "steps": [
              {
                "color": "green",
                "value": null
              },
              {
                "color": "red",
                "value": 80
              }
            ]
          }
        },
        "overrides": []
      },
      "gridPos": {
        "h": 8,
        "w": 8,
        "x": 0,
        "y": 8
      },
      "id": 1,
      "options": {
        "legend": {
          "calcs": [
            "lastNotNull",
            "max",
            "mean"
          ],
          "displayMode": "table",
          "placement": "bottom",
          "showLegend": true
        },
        "tooltip": {
          "mode": "multi",
          "sort": "desc"
        }
      },
      "targets": [
        {
          "datasource": {
            "type": "prometheus",
            "uid": "${DS_K30P}"
          },
          "disableTextWrap": false,
          "editorMode": "builder",
          "expr": "node_load1{job=\"$node\"}",
          "fullMetaSearch": false,
          "includeNullMetadata": true,
          "legendFormat": "1min",
          "range": true,
          "refId": "A",
          "useBackend": false
        },
        {
          "datasource": {
            "type": "prometheus",
            "uid": "${DS_K30P}"
          },
          "disableTextWrap": false,
          "editorMode": "builder",
          "expr": "node_load5{job=\"$node\"}",
          "fullMetaSearch": false,
          "hide": false,
          "includeNullMetadata": true,
          "instant": false,
          "legendFormat": "5min",
          "range": true,
          "refId": "B",
          "useBackend": false
        },
        {
          "datasource": {
            "type": "prometheus",
            "uid": "${DS_K30P}"
          },
          "disableTextWrap": false,
          "editorMode": "builder",
          "expr": "node_load15{job=\"$node\"}",
          "fullMetaSearch": false,
          "hide": false,
          "includeNullMetadata": true,
          "instant": false,
          "legendFormat": "15min",
          "range": true,
          "refId": "C",
          "useBackend": false
        }
      ],
      "title": "负载",
      "type": "timeseries"
    },
    {
      "datasource": {
        "type": "prometheus",
        "uid": "${DS_K30P}"
      },
      "fieldConfig": {
        "defaults": {
          "color": {
            "mode": "palette-classic"
          },
          "custom": {
            "axisBorderShow": false,
            "axisCenteredZero": false,
            "axisColorMode": "text",
            "axisLabel": "",
            "axisPlacement": "auto",
            "barAlignment": 0,
            "drawStyle": "line",
            "fillOpacity": 20,
            "gradientMode": "opacity",
            "hideFrom": {
              "legend": false,
              "tooltip": false,
              "viz": false
            },
            "insertNulls": false,
            "lineInterpolation": "smooth",
            "lineWidth": 1,
            "pointSize": 5,
            "scaleDistribution": {
              "type": "linear"
            },
            "showPoints": "auto",
            "spanNulls": false,
            "stacking": {
              "group": "A",
              "mode": "none"
            },
            "thresholdsStyle": {
              "mode": "off"
            }
          },
          "mappings": [],
          "thresholds": {
            "mode": "absolute",
            "steps": [
              {
                "color": "green",
                "value": null
              },
              {
                "color": "red",
                "value": 80
              }
            ]
          },
          "unit": "binBps"
        },
        "overrides": []
      },
      "gridPos": {
        "h": 8,
        "w": 8,
        "x": 8,
        "y": 8
      },
      "id": 6,
      "options": {
        "legend": {
          "calcs": [
            "lastNotNull",
            "max",
            "mean"
          ],
          "displayMode": "table",
          "placement": "bottom",
          "showLegend": true
        },
        "tooltip": {
          "mode": "multi",
          "sort": "none"
        }
      },
      "targets": [
        {
          "datasource": {
            "type": "prometheus",
            "uid": "${DS_K30P}"
          },
          "editorMode": "code",
          "expr": "sum(rate(node_disk_read_bytes_total{job=\"$node\"}[1m]))",
          "instant": false,
          "legendFormat": "总读速率",
          "range": true,
          "refId": "A"
        },
        {
          "datasource": {
            "type": "prometheus",
            "uid": "${DS_K30P}"
          },
          "editorMode": "code",
          "expr": "sum(rate(node_disk_written_bytes_total{job=\"$node\"}[1m]))",
          "hide": false,
          "instant": false,
          "legendFormat": "总写速率",
          "range": true,
          "refId": "B"
        },
        {
          "datasource": {
            "type": "prometheus",
            "uid": "${DS_K30P}"
          },
          "editorMode": "code",
          "expr": "rate(node_disk_read_bytes_total{job=\"$node\"}[1m])",
          "hide": false,
          "instant": false,
          "legendFormat": "{{device}}读",
          "range": true,
          "refId": "C"
        },
        {
          "datasource": {
            "type": "prometheus",
            "uid": "${DS_K30P}"
          },
          "editorMode": "code",
          "expr": "rate(node_disk_written_bytes_total{job=\"$node\"}[1m])",
          "hide": false,
          "instant": false,
          "legendFormat": "{{device}}写",
          "range": true,
          "refId": "D"
        }
      ],
      "title": "磁盘读写速率",
      "type": "timeseries"
    },
    {
      "datasource": {
        "type": "prometheus",
        "uid": "${DS_K30P}"
      },
      "fieldConfig": {
        "defaults": {
          "color": {
            "mode": "palette-classic"
          },
          "custom": {
            "axisBorderShow": false,
            "axisCenteredZero": false,
            "axisColorMode": "text",
            "axisLabel": "",
            "axisPlacement": "auto",
            "barAlignment": 0,
            "drawStyle": "line",
            "fillOpacity": 20,
            "gradientMode": "opacity",
            "hideFrom": {
              "legend": false,
              "tooltip": false,
              "viz": false
            },
            "insertNulls": false,
            "lineInterpolation": "smooth",
            "lineWidth": 1,
            "pointSize": 5,
            "scaleDistribution": {
              "type": "linear"
            },
            "showPoints": "auto",
            "spanNulls": false,
            "stacking": {
              "group": "A",
              "mode": "none"
            },
            "thresholdsStyle": {
              "mode": "off"
            }
          },
          "mappings": [],
          "thresholds": {
            "mode": "absolute",
            "steps": [
              {
                "color": "green",
                "value": null
              },
              {
                "color": "red",
                "value": 80
              }
            ]
          },
          "unit": "celsius"
        },
        "overrides": [
          {
            "matcher": {
              "id": "byName",
              "options": "总功耗"
            },
            "properties": [
              {
                "id": "custom.axisPlacement",
                "value": "right"
              },
              {
                "id": "unit",
                "value": "watt"
              }
            ]
          }
        ]
      },
      "gridPos": {
        "h": 8,
        "w": 8,
        "x": 16,
        "y": 8
      },
      "id": 5,
      "options": {
        "legend": {
          "calcs": [
            "lastNotNull",
            "max",
            "mean"
          ],
          "displayMode": "table",
          "placement": "bottom",
          "showLegend": true
        },
        "tooltip": {
          "mode": "multi",
          "sort": "none"
        }
      },
      "targets": [
        {
          "datasource": {
            "type": "prometheus",
            "uid": "${DS_K30P}"
          },
          "editorMode": "code",
          "expr": "sum(node_hwmon_power_watt{job=\"$node\", instance=\"$instance\"})",
          "hide": false,
          "instant": false,
          "legendFormat": "总功耗",
          "range": true,
          "refId": "B"
        },
        {
          "datasource": {
            "type": "prometheus",
            "uid": "${DS_K30P}"
          },
          "disableTextWrap": false,
          "editorMode": "builder",
          "expr": "node_hwmon_temp_celsius{job=\"$node\"}",
          "fullMetaSearch": false,
          "includeNullMetadata": true,
          "instant": false,
          "legendFormat": "{{chip}}",
          "range": true,
          "refId": "A",
          "useBackend": false
        }
      ],
      "title": "功耗和温度",
      "type": "timeseries"
    },
    {
      "datasource": {
        "type": "prometheus",
        "uid": "${DS_K30P}"
      },
      "fieldConfig": {
        "defaults": {
          "color": {
            "mode": "palette-classic"
          },
          "custom": {
            "axisBorderShow": false,
            "axisCenteredZero": false,
            "axisColorMode": "text",
            "axisLabel": "",
            "axisPlacement": "auto",
            "barAlignment": 0,
            "drawStyle": "line",
            "fillOpacity": 20,
            "gradientMode": "opacity",
            "hideFrom": {
              "legend": false,
              "tooltip": false,
              "viz": false
            },
            "insertNulls": false,
            "lineInterpolation": "smooth",
            "lineStyle": {
              "fill": "solid"
            },
            "lineWidth": 1,
            "pointSize": 5,
            "scaleDistribution": {
              "type": "linear"
            },
            "showPoints": "auto",
            "spanNulls": false,
            "stacking": {
              "group": "A",
              "mode": "none"
            },
            "thresholdsStyle": {
              "mode": "off"
            }
          },
          "mappings": [],
          "thresholds": {
            "mode": "absolute",
            "steps": [
              {
                "color": "green",
                "value": null
              },
              {
                "color": "red",
                "value": 80
              }
            ]
          },
          "unit": "KBs"
        },
        "overrides": []
      },
      "gridPos": {
        "h": 8,
        "w": 8,
        "x": 0,
        "y": 16
      },
      "id": 3,
      "options": {
        "legend": {
          "calcs": [
            "last",
            "max",
            "mean"
          ],
          "displayMode": "table",
          "placement": "bottom",
          "showLegend": true
        },
        "tooltip": {
          "mode": "multi",
          "sort": "none"
        }
      },
      "targets": [
        {
          "datasource": {
            "type": "prometheus",
            "uid": "${DS_K30P}"
          },
          "editorMode": "code",
          "exemplar": false,
          "expr": "sum(rate(node_network_transmit_bytes_total{job=\"$node\",instance=\"$instance\"}[1m])) by (instance) / 1024",
          "format": "time_series",
          "hide": false,
          "instant": false,
          "legendFormat": "上行",
          "range": true,
          "refId": "B"
        },
        {
          "datasource": {
            "type": "prometheus",
            "uid": "${DS_K30P}"
          },
          "disableTextWrap": false,
          "editorMode": "code",
          "exemplar": false,
          "expr": "sum by(instance) (rate(node_network_receive_bytes_total{job=\"$node\",instance=\"$instance\"}[1m])) / 1024",
          "fullMetaSearch": false,
          "includeNullMetadata": true,
          "instant": false,
          "legendFormat": "下行",
          "range": true,
          "refId": "A",
          "useBackend": false
        }
      ],
      "title": "网络速率",
      "type": "timeseries"
    },
    {
      "datasource": {
        "type": "prometheus",
        "uid": "${DS_K30P}"
      },
      "description": "Sockets_used - 已使用的所有协议套接字总量\n\nCurrEstab - 当前状态为 ESTABLISHED 或 CLOSE-WAIT 的 TCP 连接数\n\nTCP_alloc - 已分配（已建立、已申请到sk_buff）的TCP套接字数量\n\nTCP_tw - 等待关闭的TCP连接数\n\nUDP_inuse - 正在使用的 UDP 套接字数量\n\nRetransSegs - TCP 重传报文数\n\nOutSegs - TCP 发送的报文数\n\nInSegs - TCP 接收的报文数",
      "fieldConfig": {
        "defaults": {
          "color": {
            "mode": "palette-classic"
          },
          "custom": {
            "axisBorderShow": false,
            "axisCenteredZero": false,
            "axisColorMode": "text",
            "axisLabel": "",
            "axisPlacement": "auto",
            "barAlignment": 0,
            "drawStyle": "line",
            "fillOpacity": 0,
            "gradientMode": "none",
            "hideFrom": {
              "legend": false,
              "tooltip": false,
              "viz": false
            },
            "insertNulls": false,
            "lineInterpolation": "linear",
            "lineWidth": 1,
            "pointSize": 5,
            "scaleDistribution": {
              "type": "linear"
            },
            "showPoints": "never",
            "spanNulls": false,
            "stacking": {
              "group": "A",
              "mode": "none"
            },
            "thresholdsStyle": {
              "mode": "off"
            }
          },
          "mappings": [],
          "thresholds": {
            "mode": "absolute",
            "steps": [
              {
                "color": "green",
                "value": null
              },
              {
                "color": "red",
                "value": 80
              }
            ]
          },
          "unit": "short"
        },
        "overrides": [
          {
            "matcher": {
              "id": "byName",
              "options": "192.168.200.241:9100_TCP_alloc"
            },
            "properties": [
              {
                "id": "color",
                "value": {
                  "fixedColor": "semi-dark-blue",
                  "mode": "fixed"
                }
              }
            ]
          },
          {
            "matcher": {
              "id": "byName",
              "options": "TCP"
            },
            "properties": [
              {
                "id": "color",
                "value": {
                  "fixedColor": "#6ED0E0",
                  "mode": "fixed"
                }
              }
            ]
          },
          {
            "matcher": {
              "id": "byName",
              "options": "TCP_alloc"
            },
            "properties": [
              {
                "id": "color",
                "value": {
                  "fixedColor": "blue",
                  "mode": "fixed"
                }
              }
            ]
          },
          {
            "matcher": {
              "id": "byRegexp",
              "options": "/.*Sockets_used/"
            },
            "properties": [
              {
                "id": "color",
                "value": {
                  "fixedColor": "#E02F44",
                  "mode": "fixed"
                }
              },
              {
                "id": "custom.lineWidth",
                "value": 0
              },
              {
                "id": "custom.pointSize",
                "value": 4
              },
              {
                "id": "custom.showPoints",
                "value": "always"
              },
              {
                "id": "custom.axisPlacement",
                "value": "right"
              },
              {
                "id": "custom.axisLabel",
                "value": "已使用的所有协议套接字总量"
              }
            ]
          },
          {
            "matcher": {
              "id": "byValue",
              "options": {
                "op": "gte",
                "reducer": "allIsZero",
                "value": 0
              }
            },
            "properties": [
              {
                "id": "custom.hideFrom",
                "value": {
                  "legend": true,
                  "tooltip": true,
                  "viz": false
                }
              }
            ]
          },
          {
            "matcher": {
              "id": "byValue",
              "options": {
                "op": "gte",
                "reducer": "allIsNull",
                "value": 0
              }
            },
            "properties": [
              {
                "id": "custom.hideFrom",
                "value": {
                  "legend": true,
                  "tooltip": true,
                  "viz": false
                }
              }
            ]
          }
        ]
      },
      "gridPos": {
        "h": 8,
        "w": 16,
        "x": 8,
        "y": 16
      },
      "id": 158,
      "interval": "",
      "options": {
        "legend": {
          "calcs": [
            "lastNotNull",
            "max"
          ],
          "displayMode": "table",
          "placement": "right",
          "showLegend": true
        },
        "tooltip": {
          "mode": "multi",
          "sort": "desc"
        }
      },
      "targets": [
        {
          "datasource": {
            "type": "prometheus",
            "uid": "${DS_K30P}"
          },
          "editorMode": "code",
          "expr": "node_netstat_Tcp_CurrEstab{job=\"$node\"}",
          "format": "time_series",
          "hide": false,
          "instant": false,
          "interval": "",
          "intervalFactor": 1,
          "legendFormat": "CurrEstab",
          "refId": "A",
          "step": 20
        },
        {
          "datasource": {
            "type": "prometheus",
            "uid": "${DS_K30P}"
          },
          "editorMode": "code",
          "expr": "node_sockstat_TCP_tw{job=\"$node\"}",
          "format": "time_series",
          "interval": "",
          "intervalFactor": 1,
          "legendFormat": "TCP_tw",
          "range": true,
          "refId": "D"
        },
        {
          "datasource": {
            "type": "prometheus",
            "uid": "${DS_K30P}"
          },
          "editorMode": "code",
          "expr": "node_sockstat_sockets_used{job=\"$node\"}",
          "hide": false,
          "interval": "30m",
          "intervalFactor": 1,
          "legendFormat": "Sockets_used",
          "range": true,
          "refId": "B"
        },
        {
          "datasource": {
            "type": "prometheus",
            "uid": "${DS_K30P}"
          },
          "editorMode": "code",
          "expr": "node_sockstat_UDP_inuse{job=\"$node\"}",
          "interval": "",
          "legendFormat": "UDP_inuse",
          "range": true,
          "refId": "C"
        },
        {
          "datasource": {
            "type": "prometheus",
            "uid": "${DS_K30P}"
          },
          "editorMode": "code",
          "expr": "node_sockstat_TCP_alloc{job=\"$node\"}",
          "interval": "",
          "legendFormat": "TCP_alloc",
          "range": true,
          "refId": "E"
        },
        {
          "datasource": {
            "type": "prometheus",
            "uid": "${DS_K30P}"
          },
          "editorMode": "code",
          "expr": "irate(node_netstat_Tcp_PassiveOpens{job=\"$node\"}[5m])",
          "hide": true,
          "interval": "",
          "legendFormat": "{{instance}}_Tcp_PassiveOpens",
          "range": true,
          "refId": "G"
        },
        {
          "datasource": {
            "type": "prometheus",
            "uid": "${DS_K30P}"
          },
          "editorMode": "code",
          "expr": "irate(node_netstat_Tcp_ActiveOpens{job=\"$node\"}[5m])",
          "hide": true,
          "interval": "",
          "legendFormat": "{{instance}}_Tcp_ActiveOpens",
          "range": true,
          "refId": "F"
        },
        {
          "datasource": {
            "type": "prometheus",
            "uid": "${DS_K30P}"
          },
          "editorMode": "code",
          "expr": "irate(node_netstat_Tcp_InSegs{job=\"$node\"}[5m])",
          "interval": "",
          "legendFormat": "Tcp_InSegs",
          "range": true,
          "refId": "H"
        },
        {
          "datasource": {
            "type": "prometheus",
            "uid": "${DS_K30P}"
          },
          "editorMode": "code",
          "expr": "irate(node_netstat_Tcp_OutSegs{job=\"$node\"}[5m])",
          "interval": "",
          "legendFormat": "Tcp_OutSegs",
          "range": true,
          "refId": "I"
        },
        {
          "datasource": {
            "type": "prometheus",
            "uid": "${DS_K30P}"
          },
          "editorMode": "code",
          "expr": "irate(node_netstat_Tcp_RetransSegs{job=\"$node\"}[5m])",
          "hide": false,
          "interval": "",
          "legendFormat": "Tcp_RetransSegs",
          "range": true,
          "refId": "J"
        },
        {
          "datasource": {
            "type": "prometheus",
            "uid": "${DS_K30P}"
          },
          "editorMode": "code",
          "expr": "irate(node_netstat_TcpExt_ListenDrops{job=\"$node\"}[5m])",
          "hide": true,
          "interval": "",
          "legendFormat": "",
          "range": true,
          "refId": "K"
        }
      ],
      "title": "网络Socket连接信息",
      "type": "timeseries"
    }
  ],
  "refresh": "10s",
  "schemaVersion": 39,
  "tags": [
    "Linux"
  ],
  "templating": {
    "list": [
      {
        "current": {},
        "datasource": {
          "type": "prometheus",
          "uid": "${DS_K30P}"
        },
        "definition": "label_values(node_uname_info,job)",
        "hide": 0,
        "includeAll": false,
        "label": "集群",
        "multi": false,
        "name": "node",
        "options": [],
        "query": {
          "qryType": 1,
          "query": "label_values(node_uname_info,job)",
          "refId": "PrometheusVariableQueryEditor-VariableQuery"
        },
        "refresh": 1,
        "regex": "",
        "skipUrlSync": false,
        "sort": 1,
        "type": "query"
      },
      {
        "current": {},
        "datasource": {
          "type": "prometheus",
          "uid": "${DS_K30P}"
        },
        "definition": "label_values({job=\"$node\"},instance)",
        "hide": 0,
        "includeAll": false,
        "label": "实例",
        "multi": false,
        "name": "instance",
        "options": [],
        "query": {
          "qryType": 1,
          "query": "label_values({job=\"$node\"},instance)",
          "refId": "PrometheusVariableQueryEditor-VariableQuery"
        },
        "refresh": 1,
        "regex": "",
        "skipUrlSync": false,
        "sort": 0,
        "type": "query"
      }
    ]
  },
  "time": {
    "from": "now-30m",
    "to": "now"
  },
  "timepicker": {
    "refresh_intervals": [
      "5s",
      "10s",
      "15s",
      "30s",
      "1m",
      "5m",
      "15m",
      "30m"
    ]
  },
  "timezone": "browser",
  "title": "Server",
  "uid": "bdzpw1prgtp1cd",
  "version": 2,
  "weekStart": ""
}